{
  "8": 0.5461978740801309,
  "9": 0.7068683565004088,
  "10": 0.6749795584627964,
  "11": 0.7174979558462796,
  "12": 1.116107931316435,
  "13": 1.3000817661488144,
  "14": 1.2076860179885527,
  "15": 1.2661488143908421,
  "16": 1.4251839738348324,
  "17": 1.5,
  "18": 1.3986099754701553,
  "19": 1.1226492232215861,
  "20": 0.9370400654129191,
  "21": 0.5821749795584628,
  "22": 0.5,
  "0": 0.5,
  "1": 0.5,
  "2": 0.5,
  "3": 0.5,
  "4": 0.5,
  "5": 0.5,
  "6": 0.5,
  "7": 0.5,
  "23": 0.5
}